job-title,published,links
education officer i:national enrichment and learning unit (nelu),Mon Jan 09 2023,/jobs/education-officer-i-national-enrichment-and-learning-unit-nelu-3
principal i: les estangs combined school,Mon Jan 09 2023,/jobs/principal-i-les-estangs-combined-school
principal i:bocage combined school,Mon Jan 09 2023,/jobs/principal-i-bocage-combined-school
principal iii: soufriere comprehensive secondary school,Mon Jan 09 2023,/jobs/principal-iii-soufriere-comprehensive-secondary-school
"judicial research assistant within the eastern caribbean supreme court, headquarters, castries, saint lucia",Thu Dec 15 2022,/jobs/judicial-research-assistant-within-the-eastern-caribbean-supreme-court-headquarters-castries-saint-lucia
maintenance technician iii at the millennium heights medical complex,Fri Jan 07 2022,/jobs/maintenance-technician-iii-at-the-millennium-heights-medical-complex
"adviser, association of the caribbean states",Fri Nov 05 2021,/jobs/adviser-association-of-the-caribbean-states
"communications and public relations officer, association of the caribbean states",Fri Nov 05 2021,/jobs/communications-and-public-relations-officer-association-of-the-caribbean-states
"political adviser, association of caribbean states",Fri Nov 05 2021,/jobs/political-adviser-association-of-caribbean-states
unit assistant  -  conference and protocol,Wed Sep 22 2021,/jobs/unit-assistant-conference-and-protocol
